Sample,Experiment,MO2,pH.level,CO2.level,Temp.level,pH,pH.sd,CO2,CO2.sd,Temp,Temp.sd,Salinity,DO,DO.sd,PO2,PO2.sd,Alkalinity,Alkalinity.sd,DIC,DIC.sd,fCO2,fCO2.sd,Carbonate,Carbonate.sd
2016-001,exp1,0.02079823,pH 7.5,2200uatm,24C,7.49,0.12,2190,277,23.6,0.3,30,7.34,NA,21.2,NA,2041,11,2048,7,2183,276,5,5
2016-002,exp1,0.018515944,pH 7.5,2200uatm,24C,7.49,0.12,2190,277,23.6,0.3,30,7.34,NA,21.2,NA,2041,11,2048,7,2183,276,5,5
2016-003,exp1,0.014801677,pH 7.5,2200uatm,24C,7.49,0.12,2190,277,23.6,0.3,30,7.34,NA,21.2,NA,2041,11,2048,7,2183,276,5,5
2016-004,exp1,0.019710481,pH 7.5,2200uatm,24C,7.49,0.12,2190,277,23.6,0.3,30,7.34,NA,21.2,NA,2041,11,2048,7,2183,276,5,5
2016-005,exp1,0.034908635,pH 7.5,2200uatm,24C,7.49,0.12,2190,277,23.6,0.3,30,7.34,NA,21.2,NA,2041,11,2048,7,2183,276,5,5
2016-006,exp1,0.021176921,pH 7.5,2200uatm,24C,7.49,0.12,2190,277,23.6,0.3,30,7.34,NA,21.2,NA,2041,11,2048,7,2183,276,5,5
2016-007,exp1,0.014783754,pH 7.5,2200uatm,24C,7.49,0.12,2190,277,23.6,0.3,30,7.34,NA,21.2,NA,2041,11,2048,7,2183,276,5,5
2016-008,exp1,0.016691696,pH 7.5,2200uatm,24C,7.49,0.12,2190,277,23.6,0.3,30,7.34,NA,21.2,NA,2041,11,2048,7,2183,276,5,5
2016-009,exp1,0.017671367,pH 7.5,2200uatm,24C,7.49,0.12,2190,277,23.6,0.3,30,7.34,NA,21.2,NA,2041,11,2048,7,2183,276,5,5
2016-010,exp1,0.013528225,pH 7.5,2200uatm,24C,7.49,0.12,2190,277,23.6,0.3,30,7.34,NA,21.2,NA,2041,11,2048,7,2183,276,5,5
2016-011,exp1,0.018901131,pH 8.2,400uatm,24C,8.13,0.09,427,29,23.5,0.3,30,7.34,NA,21.2,NA,2042,11,1838,16,426,29,150,7
2016-012,exp1,0.024918621,pH 8.2,400uatm,24C,8.13,0.09,427,29,23.5,0.3,30,7.34,NA,21.2,NA,2042,11,1838,16,426,29,150,7
2016-013,exp1,0.033846088,pH 8.2,400uatm,24C,8.13,0.09,427,29,23.5,0.3,30,7.34,NA,21.2,NA,2042,11,1838,16,426,29,150,7
2016-014,exp1,0.031940906,pH 8.2,400uatm,24C,8.13,0.09,427,29,23.5,0.3,30,7.34,NA,21.2,NA,2042,11,1838,16,426,29,150,7
2016-015,exp1,0.011601941,pH 8.2,400uatm,24C,8.13,0.09,427,29,23.5,0.3,30,7.34,NA,21.2,NA,2042,11,1838,16,426,29,150,7
2016-016,exp1,0.016941841,pH 8.2,400uatm,24C,8.13,0.09,427,29,23.5,0.3,30,7.34,NA,21.2,NA,2042,11,1838,16,426,29,150,7
2016-017,exp1,0.010179923,pH 8.2,400uatm,24C,8.13,0.09,427,29,23.5,0.3,30,7.34,NA,21.2,NA,2042,11,1838,16,426,29,150,7
2016-018,exp1,0.01658819,pH 8.2,400uatm,24C,8.13,0.09,427,29,23.5,0.3,30,7.34,NA,21.2,NA,2042,11,1838,16,426,29,150,7
2016-019,exp1,0.021304787,pH 8.2,400uatm,24C,8.13,0.09,427,29,23.5,0.3,30,7.34,NA,21.2,NA,2042,11,1838,16,426,29,150,7
2016-020,exp1,0.01583803,pH 8.2,400uatm,24C,8.13,0.09,427,29,23.5,0.3,30,7.34,NA,21.2,NA,2042,11,1838,16,426,29,150,7
2016-021,exp1,0.010908879,pH 7.5,2200uatm,24C,7.49,0.12,2190,277,23.6,0.3,30,7.34,NA,21.2,NA,2041,11,2048,7,2183,276,5,5
2016-022,exp1,NA,pH 7.5,2200uatm,24C,7.49,0.12,2190,277,23.6,0.3,30,7.34,NA,21.2,NA,2041,11,2048,7,2183,276,5,5
2016-023,exp1,0.020202492,pH 8.2,400uatm,24C,8.13,0.09,427,29,23.5,0.3,30,7.34,NA,21.2,NA,2042,11,1838,16,426,29,150,7
2016-024,exp1,NA,pH 8.2,400uatm,24C,8.13,0.09,427,29,23.5,0.3,30,7.34,NA,21.2,NA,2042,11,1838,16,426,29,150,7
2016-025,exp1,NA,pH 7.5,2200uatm,24C,7.49,0.12,2190,277,23.6,0.3,30,7.34,NA,21.2,NA,2041,11,2048,7,2183,276,5,5
2016-026,exp1,0.020951405,pH 8.2,400uatm,24C,8.13,0.09,427,29,23.5,0.3,30,7.34,NA,21.2,NA,2042,11,1838,16,426,29,150,7
2016-027,exp1,0.006840168,pH 7.5,2200uatm,24C,7.49,0.12,2190,277,23.6,0.3,30,7.34,NA,21.2,NA,2041,11,2048,7,2183,276,5,5
2016-028,exp1,0.012694835,pH 8.2,400uatm,24C,8.13,0.09,427,29,23.5,0.3,30,7.34,NA,21.2,NA,2042,11,1838,16,426,29,150,7
2016-029,exp1,NA,pH 8.2,400uatm,24C,8.13,0.09,427,29,23.5,0.3,30,7.34,NA,21.2,NA,2042,11,1838,16,426,29,150,7
2016-030,exp1,0.010927682,pH 8.2,400uatm,24C,8.13,0.09,427,29,23.5,0.3,30,7.34,NA,21.2,NA,2042,11,1838,16,426,29,150,7
2016-031,exp1,NA,pH 7.5,2200uatm,24C,7.49,0.12,2190,277,23.6,0.3,30,7.34,NA,21.2,NA,2041,11,2048,7,2183,276,5,5
2016-032,exp1,0.008219575,pH 7.5,2200uatm,24C,7.49,0.12,2190,277,23.6,0.3,30,7.34,NA,21.2,NA,2041,11,2048,7,2183,276,5,5
2016-033,exp1,0.017837728,pH 8.2,400uatm,24C,8.13,0.09,427,29,23.5,0.3,30,7.34,NA,21.2,NA,2042,11,1838,16,426,29,150,7
2016-034,exp1,NA,pH 7.5,2200uatm,24C,7.49,0.12,2190,277,23.6,0.3,30,7.34,NA,21.2,NA,2041,11,2048,7,2183,276,5,5
2016-035,exp1,0.020554922,pH 8.2,400uatm,24C,8.13,0.09,427,29,23.5,0.3,30,7.34,NA,21.2,NA,2042,11,1838,16,426,29,150,7
2016-036,exp1,0.008542612,pH 7.5,2200uatm,24C,7.49,0.12,2190,277,23.6,0.3,30,7.34,NA,21.2,NA,2041,11,2048,7,2183,276,5,5
2016-037,exp1,0.033954427,pH 8.2,400uatm,24C,8.13,0.09,427,29,23.5,0.3,30,7.34,NA,21.2,NA,2042,11,1838,16,426,29,150,7
2016-038,exp1,0.02600138,pH 8.2,400uatm,24C,8.13,0.09,427,29,23.5,0.3,30,7.34,NA,21.2,NA,2042,11,1838,16,426,29,150,7
2016-039,exp1,0.023016795,pH 7.5,2200uatm,24C,7.49,0.12,2190,277,23.6,0.3,30,7.34,NA,21.2,NA,2041,11,2048,7,2183,276,5,5
2016-040,exp1,NA,pH 7.5,2200uatm,24C,7.49,0.12,2190,277,23.6,0.3,30,7.34,NA,21.2,NA,2041,11,2048,7,2183,276,5,5
2016-041,exp1,0.025321616,pH 8.2,400uatm,24C,8.13,0.09,427,29,23.5,0.3,30,7.34,NA,21.2,NA,2042,11,1838,16,426,29,150,7
2016-042,exp1,NA,pH 8.2,400uatm,24C,8.13,0.09,427,29,23.5,0.3,30,7.34,NA,21.2,NA,2042,11,1838,16,426,29,150,7
2016-043,exp1,0.029065223,pH 7.5,2200uatm,24C,7.49,0.12,2190,277,23.6,0.3,30,7.34,NA,21.2,NA,2041,11,2048,7,2183,276,5,5
2016-044,exp1,0.0173444,pH 7.5,2200uatm,24C,7.49,0.12,2190,277,23.6,0.3,30,7.34,NA,21.2,NA,2041,11,2048,7,2183,276,5,5
2016-046,exp1,0.017788668,pH 7.5,2200uatm,24C,7.49,0.12,2190,277,23.6,0.3,30,7.34,NA,21.2,NA,2041,11,2048,7,2183,276,5,5
2016-048,exp1,0.028046021,pH 7.5,2200uatm,24C,7.49,0.12,2190,277,23.6,0.3,30,7.34,NA,21.2,NA,2041,11,2048,7,2183,276,5,5
2016-049,exp1,0.025432683,pH 8.2,400uatm,24C,8.13,0.09,427,29,23.5,0.3,30,7.34,NA,21.2,NA,2042,11,1838,16,426,29,150,7
2016-050,exp1,NA,pH 7.5,2200uatm,24C,7.49,0.12,2190,277,23.6,0.3,30,7.34,NA,21.2,NA,2041,11,2048,7,2183,276,5,5
2016-051,exp1,0.035291502,pH 8.2,400uatm,24C,8.13,0.09,427,29,23.5,0.3,30,7.34,NA,21.2,NA,2042,11,1838,16,426,29,150,7
2016-052,exp1,0.01005972,pH 7.5,2200uatm,24C,7.49,0.12,2190,277,23.6,0.3,30,7.34,NA,21.2,NA,2041,11,2048,7,2183,276,5,5
2016-053,exp1,NA,pH 8.2,400uatm,24C,8.13,0.09,427,29,23.5,0.3,30,7.34,NA,21.2,NA,2042,11,1838,16,426,29,150,7
2016-054,exp1,0.005937178,pH 7.5,2200uatm,24C,7.49,0.12,2190,277,23.6,0.3,30,7.34,NA,21.2,NA,2041,11,2048,7,2183,276,5,5
2016-055,exp1,0.022852011,pH 8.2,400uatm,24C,8.13,0.09,427,29,23.5,0.3,30,7.34,NA,21.2,NA,2042,11,1838,16,426,29,150,7
2016-056,exp1,0.029757758,pH 7.5,2200uatm,24C,7.49,0.12,2190,277,23.6,0.3,30,7.34,NA,21.2,NA,2041,11,2048,7,2183,276,5,5
2016-057,exp1,0.014410928,pH 8.2,400uatm,24C,8.13,0.09,427,29,23.5,0.3,30,7.34,NA,21.2,NA,2042,11,1838,16,426,29,150,7
2016-058,exp1,0.003774641,pH 7.5,2200uatm,24C,7.49,0.12,2190,277,23.6,0.3,30,7.34,NA,21.2,NA,2041,11,2048,7,2183,276,5,5
2016-059,exp1,0.018317869,pH 8.2,400uatm,24C,8.13,0.09,427,29,23.5,0.3,30,7.34,NA,21.2,NA,2042,11,1838,16,426,29,150,7
2016-060,exp1,0.026798152,pH 7.5,2200uatm,24C,7.49,0.12,2190,277,23.6,0.3,30,7.34,NA,21.2,NA,2041,11,2048,7,2183,276,5,5
2016-061,exp1,0.020127606,pH 7.5,2200uatm,24C,7.49,0.12,2190,277,23.6,0.3,30,7.34,NA,21.2,NA,2041,11,2048,7,2183,276,5,5
2016-062,exp1,0.029796958,pH 8.2,400uatm,24C,8.13,0.09,427,29,23.5,0.3,30,7.34,NA,21.2,NA,2042,11,1838,16,426,29,150,7
2016-063,exp1,0.003428373,pH 7.5,2200uatm,24C,7.49,0.12,2190,277,23.6,0.3,30,7.34,NA,21.2,NA,2041,11,2048,7,2183,276,5,5
2016-064,exp1,0.031417228,pH 8.2,400uatm,24C,8.13,0.09,427,29,23.5,0.3,30,7.34,NA,21.2,NA,2042,11,1838,16,426,29,150,7
2016-065,exp1,0.025373883,pH 8.2,400uatm,24C,8.13,0.09,427,29,23.5,0.3,30,7.34,NA,21.2,NA,2042,11,1838,16,426,29,150,7
2016-066,exp1,0.016011598,pH 7.5,2200uatm,24C,7.49,0.12,2190,277,23.6,0.3,30,7.34,NA,21.2,NA,2041,11,2048,7,2183,276,5,5
2016-067,exp1,0.020669874,pH 7.5,2200uatm,24C,7.49,0.12,2190,277,23.6,0.3,30,7.34,NA,21.2,NA,2041,11,2048,7,2183,276,5,5
2016-068,exp1,0.011294522,pH 7.5,2200uatm,24C,7.49,0.12,2190,277,23.6,0.3,30,7.34,NA,21.2,NA,2041,11,2048,7,2183,276,5,5
2016-069,exp1,0.023132945,pH 8.2,400uatm,24C,8.13,0.09,427,29,23.5,0.3,30,7.34,NA,21.2,NA,2042,11,1838,16,426,29,150,7
2016-070,exp1,0.025060282,pH 8.2,400uatm,24C,8.13,0.09,427,29,23.5,0.3,30,7.34,NA,21.2,NA,2042,11,1838,16,426,29,150,7
2016-071,exp1,0.036075504,pH 7.5,2200uatm,24C,7.49,0.12,2190,277,23.6,0.3,30,7.34,NA,21.2,NA,2041,11,2048,7,2183,276,5,5
2016-072,exp1,0.01377066,pH 8.2,400uatm,24C,8.13,0.09,427,29,23.5,0.3,30,7.34,NA,21.2,NA,2042,11,1838,16,426,29,150,7
2016-073,exp1,NA,pH 7.5,2200uatm,24C,7.49,0.12,2190,277,23.6,0.3,30,7.34,NA,21.2,NA,2041,11,2048,7,2183,276,5,5
2016-074,exp1,0.037388706,pH 7.5,2200uatm,24C,7.49,0.12,2190,277,23.6,0.3,30,7.34,NA,21.2,NA,2041,11,2048,7,2183,276,5,5
2016-075,exp1,0.034030566,pH 7.5,2200uatm,24C,7.49,0.12,2190,277,23.6,0.3,30,7.34,NA,21.2,NA,2041,11,2048,7,2183,276,5,5
2016-076,exp1,0.047384726,pH 8.2,400uatm,24C,8.13,0.09,427,29,23.5,0.3,30,7.34,NA,21.2,NA,2042,11,1838,16,426,29,150,7
2016-077,exp1,0.023956147,pH 8.2,400uatm,24C,8.13,0.09,427,29,23.5,0.3,30,7.34,NA,21.2,NA,2042,11,1838,16,426,29,150,7
2016-078,exp1,0.029659758,pH 7.5,2200uatm,24C,7.49,0.12,2190,277,23.6,0.3,30,7.34,NA,21.2,NA,2041,11,2048,7,2183,276,5,5
2016-080,exp1,0.020277873,pH 8.2,400uatm,24C,8.13,0.09,427,29,23.5,0.3,30,7.34,NA,21.2,NA,2042,11,1838,16,426,29,150,7
2016-161,exp1,0.028776674,pH 8.2,400uatm,17C,8.17,0.12,368,18,16.9,0.3,30,8.27,NA,21.2,NA,2038,17,1851,8,367,18,135,6
2016-162,exp1,0.012531785,pH 8.2,400uatm,17C,8.17,0.12,368,18,16.9,0.3,30,8.27,NA,21.2,NA,2038,17,1851,8,367,18,135,6
2016-163,exp1,0.016882989,pH 8.2,400uatm,17C,8.17,0.12,368,18,16.9,0.3,30,8.27,NA,21.2,NA,2038,17,1851,8,367,18,135,6
2016-164,exp1,0.024953758,pH 8.2,400uatm,17C,8.17,0.12,368,18,16.9,0.3,30,8.27,NA,21.2,NA,2038,17,1851,8,367,18,135,6
2016-165,exp1,0.025959231,pH 8.2,400uatm,17C,8.17,0.12,368,18,16.9,0.3,30,8.27,NA,21.2,NA,2038,17,1851,8,367,18,135,6
2016-166,exp1,0.0278767,pH 8.2,400uatm,17C,8.17,0.12,368,18,16.9,0.3,30,8.27,NA,21.2,NA,2038,17,1851,8,367,18,135,6
2016-167,exp1,0.011005421,pH 8.2,400uatm,17C,8.17,0.12,368,18,16.9,0.3,30,8.27,NA,21.2,NA,2038,17,1851,8,367,18,135,6
2016-168,exp1,0.041192149,pH 8.2,400uatm,17C,8.17,0.12,368,18,16.9,0.3,30,8.27,NA,21.2,NA,2038,17,1851,8,367,18,135,6
2016-169,exp1,0.026994716,pH 8.2,400uatm,17C,8.17,0.12,368,18,16.9,0.3,30,8.27,NA,21.2,NA,2038,17,1851,8,367,18,135,6
2016-170,exp1,0.015771086,pH 8.2,400uatm,17C,8.17,0.12,368,18,16.9,0.3,30,8.27,NA,21.2,NA,2038,17,1851,8,367,18,135,6
2016-171,exp1,0.01358942,pH 7.5,2200uatm,17C,7.49,0.13,2037,188,16.9,0.3,30,8.27,NA,21.2,NA,2031,12,2058,21,2030,188,32,2
2016-172,exp1,0.020501542,pH 7.5,2200uatm,17C,7.49,0.13,2037,188,16.9,0.3,30,8.27,NA,21.2,NA,2031,12,2058,21,2030,188,32,2
2016-173,exp1,0.04053563,pH 7.5,2200uatm,17C,7.49,0.13,2037,188,16.9,0.3,30,8.27,NA,21.2,NA,2031,12,2058,21,2030,188,32,2
2016-175,exp1,NA,pH 7.5,2200uatm,17C,7.49,0.13,2037,188,16.9,0.3,30,8.27,NA,21.2,NA,2031,12,2058,21,2030,188,32,2
2016-176,exp1,0.024128011,pH 7.5,2200uatm,17C,7.49,0.13,2037,188,16.9,0.3,30,8.27,NA,21.2,NA,2031,12,2058,21,2030,188,32,2
2016-177,exp1,0.020147127,pH 7.5,2200uatm,17C,7.49,0.13,2037,188,16.9,0.3,30,8.27,NA,21.2,NA,2031,12,2058,21,2030,188,32,2
2016-179,exp1,0.025465791,pH 7.5,2200uatm,17C,7.49,0.13,2037,188,16.9,0.3,30,8.27,NA,21.2,NA,2031,12,2058,21,2030,188,32,2
2016-180,exp1,0.010830806,pH 7.5,2200uatm,17C,7.49,0.13,2037,188,16.9,0.3,30,8.27,NA,21.2,NA,2031,12,2058,21,2030,188,32,2
2016-181,exp1,0.022536892,pH 7.5,2200uatm,17C,7.49,0.13,2037,188,16.9,0.3,30,8.27,NA,21.2,NA,2031,12,2058,21,2030,188,32,2
2016-182,exp1,0.017935026,pH 7.5,2200uatm,17C,7.49,0.13,2037,188,16.9,0.3,30,8.27,NA,21.2,NA,2031,12,2058,21,2030,188,32,2
2016-183,exp1,0.021212223,pH 7.5,2200uatm,17C,7.49,0.13,2037,188,16.9,0.3,30,8.27,NA,21.2,NA,2031,12,2058,21,2030,188,32,2
2016-184,exp1,0.026656525,pH 7.5,2200uatm,17C,7.49,0.13,2037,188,16.9,0.3,30,8.27,NA,21.2,NA,2031,12,2058,21,2030,188,32,2
2016-185,exp1,0.019238772,pH 7.5,2200uatm,17C,7.49,0.13,2037,188,16.9,0.3,30,8.27,NA,21.2,NA,2031,12,2058,21,2030,188,32,2
2016-187,exp1,0.010212565,pH 7.5,2200uatm,17C,7.49,0.13,2037,188,16.9,0.3,30,8.27,NA,21.2,NA,2031,12,2058,21,2030,188,32,2
2016-188,exp1,0.022140083,pH 7.5,2200uatm,17C,7.49,0.13,2037,188,16.9,0.3,30,8.27,NA,21.2,NA,2031,12,2058,21,2030,188,32,2
2016-189,exp1,0.010531125,pH 7.5,2200uatm,17C,7.49,0.13,2037,188,16.9,0.3,30,8.27,NA,21.2,NA,2031,12,2058,21,2030,188,32,2
2016-190,exp1,0.01919097,pH 7.5,2200uatm,17C,7.49,0.13,2037,188,16.9,0.3,30,8.27,NA,21.2,NA,2031,12,2058,21,2030,188,32,2
2016-191,exp1,0.010841442,pH 8.2,400uatm,17C,8.17,0.12,368,18,16.9,0.3,30,8.27,NA,21.2,NA,2038,17,1851,8,367,18,135,6
2016-193,exp1,0.014390382,pH 8.2,400uatm,17C,8.17,0.12,368,18,16.9,0.3,30,8.27,NA,21.2,NA,2038,17,1851,8,367,18,135,6
2016-194,exp1,0.021694509,pH 8.2,400uatm,17C,8.17,0.12,368,18,16.9,0.3,30,8.27,NA,21.2,NA,2038,17,1851,8,367,18,135,6
2016-195,exp1,0.011659072,pH 8.2,400uatm,17C,8.17,0.12,368,18,16.9,0.3,30,8.27,NA,21.2,NA,2038,17,1851,8,367,18,135,6
2016-196,exp1,0.00813389,pH 8.2,400uatm,17C,8.17,0.12,368,18,16.9,0.3,30,8.27,NA,21.2,NA,2038,17,1851,8,367,18,135,6
2016-197,exp1,0.009088555,pH 8.2,400uatm,17C,8.17,0.12,368,18,16.9,0.3,30,8.27,NA,21.2,NA,2038,17,1851,8,367,18,135,6
2016-200,exp1,0.01395429,pH 8.2,400uatm,17C,8.17,0.12,368,18,16.9,0.3,30,8.27,NA,21.2,NA,2038,17,1851,8,367,18,135,6
2016-346,exp3,NA,pH 7.5,2200uatm,24C,7.49,0.02,2157,92,23.7,0.3,31,7.69,0.14,22.4,0.4,2048,22,2050,25,2151,92,42,1
2016-347,exp3,0.015461126,pH 7.5,2200uatm,24C,7.49,0.02,2157,92,23.7,0.3,31,7.69,0.14,22.4,0.4,2048,22,2050,25,2151,92,42,1
2016-348,exp3,0.015964722,pH 7.5,2200uatm,24C,7.49,0.02,2157,92,23.7,0.3,31,7.69,0.14,22.4,0.4,2048,22,2050,25,2151,92,42,1
2016-349,exp3,0.007590677,pH 7.5,2200uatm,24C,7.49,0.02,2157,92,23.7,0.3,31,7.69,0.14,22.4,0.4,2048,22,2050,25,2151,92,42,1
2016-350a,exp3,0.034553722,pH 7.5,2200uatm,24C,7.49,0.02,2157,92,23.7,0.3,31,7.69,0.14,22.4,0.4,2048,22,2050,25,2151,92,42,1
2016-350b,exp3,0.034553722,pH 7.5,2200uatm,24C,7.49,0.02,2157,92,23.7,0.3,31,7.69,0.14,22.4,0.4,2048,22,2050,25,2151,92,42,1
2016-351,exp3,0.001660835,pH 7.5,2200uatm,24C,7.49,0.02,2157,92,23.7,0.3,31,7.69,0.14,22.4,0.4,2048,22,2050,25,2151,92,42,1
2016-352,exp3,0.016917275,pH 7.5,2200uatm,24C,7.49,0.02,2157,92,23.7,0.3,31,7.69,0.14,22.4,0.4,2048,22,2050,25,2151,92,42,1
2016-353,exp3,0.01554328,pH 8.2,400uatm,24C,8.22,0.02,331,14,23.7,0.2,31,7.55,0.17,22,0.5,2044,9,1798,8,330,14,185,5
2016-354,exp3,0.019915986,pH 8.2,400uatm,24C,8.22,0.02,331,14,23.7,0.2,31,7.55,0.17,22,0.5,2044,9,1798,8,330,14,185,5
2016-355,exp3,NA,pH 8.2,400uatm,24C,8.22,0.02,331,14,23.7,0.2,31,7.55,0.17,22,0.5,2044,9,1798,8,330,14,185,5
2016-356,exp3,0.012701205,pH 8.2,400uatm,24C,8.22,0.02,331,14,23.7,0.2,31,7.55,0.17,22,0.5,2044,9,1798,8,330,14,185,5
2016-358,exp3,0.02734602,pH 8.2,400uatm,24C,8.22,0.02,331,14,23.7,0.2,31,7.55,0.17,22,0.5,2044,9,1798,8,330,14,185,5
2016-359,exp3,0.03178492,pH 8.2,400uatm,24C,8.22,0.02,331,14,23.7,0.2,31,7.55,0.17,22,0.5,2044,9,1798,8,330,14,185,5
2016-360,exp3,0.015948477,pH 7.2,4200uatm,24C,7.2,0.02,4339,169,23.6,0.2,31,7.98,0.14,23.2,0.4,2059,51,2140,8,4325,169,22,1
2016-361,exp3,0.013335728,pH 7.2,4200uatm,24C,7.2,0.02,4339,169,23.6,0.2,31,7.98,0.14,23.2,0.4,2059,51,2140,8,4325,169,22,1
2016-362,exp3,0.005969075,pH 7.2,4200uatm,24C,7.2,0.02,4339,169,23.6,0.2,31,7.98,0.14,23.2,0.4,2059,51,2140,8,4325,169,22,1
2016-363,exp3,0.018905854,pH 7.2,4200uatm,24C,7.2,0.02,4339,169,23.6,0.2,31,7.98,0.14,23.2,0.4,2059,51,2140,8,4325,169,22,1
2016-364,exp3,0.009637891,pH 7.2,4200uatm,24C,7.2,0.02,4339,169,23.6,0.2,31,7.98,0.14,23.2,0.4,2059,51,2140,8,4325,169,22,1
2016-365,exp3,0.005527476,pH 7.2,4200uatm,24C,7.2,0.02,4339,169,23.6,0.2,31,7.98,0.14,23.2,0.4,2059,51,2140,8,4325,169,22,1
2016-366,exp3,0.013707052,pH 7.2,4200uatm,24C,7.2,0.02,4339,169,23.6,0.2,31,7.98,0.14,23.2,0.4,2059,51,2140,8,4325,169,22,1
2016-367,exp3,NA,pH 7.2,4200uatm,24C,7.2,0.02,4339,169,23.6,0.2,31,7.98,0.14,23.2,0.4,2059,51,2140,8,4325,169,22,1
2016-368,exp3,NA,pH 7.2,4200uatm,24C,7.2,0.02,4339,169,23.6,0.2,31,7.98,0.14,23.2,0.4,2059,51,2140,8,4325,169,22,1
2016-369,exp3,0.010486638,pH 7.2,4200uatm,24C,7.2,0.02,4339,169,23.6,0.2,31,7.98,0.14,23.2,0.4,2059,51,2140,8,4325,169,22,1
2016-370,exp3,0.014641048,pH 8.2,400uatm,24C,8.22,0.02,331,14,23.7,0.2,31,7.51,0.17,22,0.5,2044,9,1798,8,330,14,185,5
2016-371,exp3,NA,pH 8.2,400uatm,24C,8.22,0.02,331,14,23.7,0.2,31,7.51,0.17,22,0.5,2044,9,1798,8,330,14,185,5
2016-372,exp3,0.030043597,pH 8.2,400uatm,24C,8.22,0.02,331,14,23.7,0.2,31,7.51,0.17,22,0.5,2044,9,1798,8,330,14,185,5
2016-373,exp3,NA,pH 8.2,400uatm,24C,8.22,0.02,331,14,23.7,0.2,31,7.51,0.17,22,0.5,2044,9,1798,8,330,14,185,5
2016-374,exp3,NA,pH 8.2,400uatm,24C,8.22,0.02,331,14,23.7,0.2,31,7.51,0.17,22,0.5,2044,9,1798,8,330,14,185,5
2016-375,exp3,0.023343693,pH 8.2,400uatm,24C,8.22,0.02,331,14,23.7,0.2,31,7.51,0.17,22,0.5,2044,9,1798,8,330,14,185,5
2016-376,exp3,0.018814305,pH 7.2,4200uatm,24C,7.2,0.02,4339,169,23.6,0.2,31,7.98,0.14,23.2,0.4,2059,51,2140,8,4325,169,22,1
2016-377,exp3,NA,pH 7.2,4200uatm,24C,7.2,0.02,4339,169,23.6,0.2,31,7.98,0.14,23.2,0.4,2059,51,2140,8,4325,169,22,1
2016-378,exp3,0.024799247,pH 7.2,4200uatm,24C,7.2,0.02,4339,169,23.6,0.2,31,7.98,0.14,23.2,0.4,2059,51,2140,8,4325,169,22,1
2016-379,exp3,0.004218949,pH 7.5,2200uatm,24C,7.49,0.02,2157,92,23.7,0.3,31,7.69,0.14,22.4,0.4,2048,22,2050,25,2151,92,42,1
2016-380,exp3,0.013056858,pH 7.5,2200uatm,24C,7.49,0.02,2157,92,23.7,0.3,31,7.69,0.14,22.4,0.4,2048,22,2050,25,2151,92,42,1
2016-381,exp3,0.011812329,pH 7.5,2200uatm,24C,7.49,0.02,2157,92,23.7,0.3,31,7.69,0.14,22.4,0.4,2048,22,2050,25,2151,92,42,1
2016-382,exp3,0.014302063,pH 7.5,2200uatm,24C,7.49,0.02,2157,92,23.7,0.3,31,7.69,0.14,22.4,0.4,2048,22,2050,25,2151,92,42,1
2016-383,exp3,0.015279415,pH 7.5,2200uatm,24C,7.49,0.02,2157,92,23.7,0.3,31,7.69,0.14,22.4,0.4,2048,22,2050,25,2151,92,42,1
2016-384,exp3,0.012156997,pH 7.5,2200uatm,24C,7.49,0.02,2157,92,23.7,0.3,31,7.69,0.14,22.4,0.4,2048,22,2050,25,2151,92,42,1
2016-385,exp3,0.004655707,pH 7.5,2200uatm,24C,7.49,0.02,2157,92,23.7,0.3,31,7.69,0.14,22.4,0.4,2048,22,2050,25,2151,92,42,1
2016-426,exp3,0.037978919,pH 7.2,4200uatm,20C,7.21,0.02,4066,227,19.7,0.2,31,8.13,0.18,22.1,0.5,2058,6,2153,37,4063,226,20,1
2016-427,exp3,0.016595113,pH 7.2,4200uatm,20C,7.21,0.02,4066,227,19.7,0.2,31,8.13,0.18,22.1,0.5,2058,6,2153,37,4063,226,20,1
2016-428,exp3,0.032141035,pH 7.5,2200uatm,20C,7.51,0.03,1964,109,19.6,0.3,31,8.33,0.15,22.6,0.4,2031,14,2039,10,1957,108,38,2
2016-429,exp3,NA,pH 7.5,2200uatm,20C,7.51,0.03,1964,109,19.6,0.3,31,8.33,0.15,22.6,0.4,2031,14,2039,10,1957,108,38,2
2016-430,exp3,0.014467005,pH 7.5,2200uatm,20C,7.51,0.03,1964,109,19.6,0.3,31,8.33,0.15,22.6,0.4,2031,14,2039,10,1957,108,38,2
2016-431,exp3,0.010006208,pH 8.2,400uatm,20C,8.2,0.02,345,15,19.7,0.2,31,8.69,0.15,23.6,0.4,2048,29,1833,3,345,15,160,6
2016-432,exp3,NA,pH 8.2,400uatm,20C,8.2,0.02,345,15,19.7,0.2,31,8.69,0.15,23.6,0.4,2048,29,1833,3,345,15,160,6
2016-433,exp3,0.037059642,pH 8.2,400uatm,20C,8.2,0.02,345,15,19.7,0.2,31,8.69,0.15,23.6,0.4,2048,29,1833,3,345,15,160,6
2016-434,exp3,0.034236777,pH 7.2,4200uatm,20C,7.21,0.02,4066,227,19.7,0.2,31,8.13,0.18,22.1,0.5,2058,6,2153,37,4063,226,20,1
2016-435,exp3,0.020207074,pH 7.2,4200uatm,20C,7.21,0.02,4066,227,19.7,0.2,31,8.13,0.18,22.1,0.5,2058,6,2153,37,4063,226,20,1
2016-436,exp3,0.022270379,pH 7.2,4200uatm,20C,7.21,0.02,4066,227,19.7,0.2,31,8.13,0.18,22.1,0.5,2058,6,2153,37,4063,226,20,1
2016-437,exp3,0.017746526,pH 7.2,4200uatm,20C,7.21,0.02,4066,227,19.7,0.2,31,8.13,0.18,22.1,0.5,2058,6,2153,37,4063,226,20,1
2016-438,exp3,0.013065704,pH 7.5,2200uatm,20C,7.51,0.03,1964,109,19.6,0.3,31,8.33,0.15,22.6,0.4,2031,14,2039,10,1957,108,38,2
2016-439,exp3,0.011684953,pH 7.5,2200uatm,20C,7.51,0.03,1964,109,19.6,0.3,31,8.33,0.15,22.6,0.4,2031,14,2039,10,1957,108,38,2
2016-440,exp3,0.036657484,pH 7.5,2200uatm,20C,7.51,0.03,1964,109,19.6,0.3,31,8.33,0.15,22.6,0.4,2031,14,2039,10,1957,108,38,2
2016-441,exp3,0.036376539,pH 8.2,400uatm,20C,8.2,0.02,345,15,19.7,0.2,31,8.69,0.15,23.6,0.4,2048,29,1833,3,345,15,160,6
2016-442,exp3,0.032167325,pH 8.2,400uatm,20C,8.2,0.02,345,15,19.7,0.2,31,8.69,0.15,23.6,0.4,2048,29,1833,3,345,15,160,6
2016-443,exp3,0.029147031,pH 8.2,400uatm,20C,8.2,0.02,345,15,19.7,0.2,31,8.69,0.15,23.6,0.4,2048,29,1833,3,345,15,160,6
2016-444,exp3,0.024054759,pH 8.2,400uatm,20C,8.2,0.02,345,15,19.7,0.2,31,8.69,0.15,23.6,0.4,2048,29,1833,3,345,15,160,6
2016-445,exp3,0.027207591,pH 8.2,400uatm,20C,8.2,0.02,345,15,19.7,0.2,31,8.69,0.15,23.6,0.4,2048,29,1833,3,345,15,160,6
2016-446,exp3,0.025516171,pH 8.2,400uatm,20C,8.2,0.02,345,15,19.7,0.2,31,8.69,0.15,23.6,0.4,2048,29,1833,3,345,15,160,6
2016-447,exp3,0.034925056,pH 8.2,400uatm,20C,8.2,0.02,345,15,19.7,0.2,31,8.69,0.15,23.6,0.4,2048,29,1833,3,345,15,160,6
2016-449,exp3,0.019763748,pH 8.2,400uatm,20C,8.2,0.02,345,15,19.7,0.2,31,8.69,0.15,23.6,0.4,2048,29,1833,3,345,15,160,6
2016-450,exp3,0.02407401,pH 8.2,400uatm,20C,8.2,0.02,345,15,19.7,0.2,31,8.69,0.15,23.6,0.4,2048,29,1833,3,345,15,160,6
2016-451,exp3,0.022014673,pH 8.2,400uatm,20C,8.2,0.02,345,15,19.7,0.2,31,8.69,0.15,23.6,0.4,2048,29,1833,3,345,15,160,6
2016-452,exp3,0.020729008,pH 7.5,2200uatm,20C,7.51,0.03,1964,109,19.6,0.3,31,8.33,0.15,22.6,0.4,2031,14,2039,10,1957,108,38,2
2016-453,exp3,0.031453593,pH 7.5,2200uatm,20C,7.51,0.03,1964,109,19.6,0.3,31,8.33,0.15,22.6,0.4,2031,14,2039,10,1957,108,38,2
2016-454,exp3,0.021614787,pH 7.5,2200uatm,20C,7.51,0.03,1964,109,19.6,0.3,31,8.33,0.15,22.6,0.4,2031,14,2039,10,1957,108,38,2
2016-455,exp3,0.019238894,pH 7.5,2200uatm,20C,7.51,0.03,1964,109,19.6,0.3,31,8.33,0.15,22.6,0.4,2031,14,2039,10,1957,108,38,2
2016-456,exp3,0.015469174,pH 7.5,2200uatm,20C,7.51,0.03,1964,109,19.6,0.3,31,8.33,0.15,22.6,0.4,2031,14,2039,10,1957,108,38,2
2016-457,exp3,0.015849966,pH 7.5,2200uatm,20C,7.51,0.03,1964,109,19.6,0.3,31,8.33,0.15,22.6,0.4,2031,14,2039,10,1957,108,38,2
2016-458,exp3,0.012867812,pH 7.5,2200uatm,20C,7.51,0.03,1964,109,19.6,0.3,31,8.33,0.15,22.6,0.4,2031,14,2039,10,1957,108,38,2
2016-459,exp3,0.020304748,pH 7.2,4200uatm,20C,7.21,0.02,4066,227,19.7,0.2,31,8.13,0.18,22.1,0.5,2058,6,2153,37,4063,226,20,1
2016-460,exp3,0.019346102,pH 7.2,4200uatm,20C,7.21,0.02,4066,227,19.7,0.2,31,8.13,0.18,22.1,0.5,2058,6,2153,37,4063,226,20,1
2016-461,exp3,0.017017463,pH 7.2,4200uatm,20C,7.21,0.02,4066,227,19.7,0.2,31,8.13,0.18,22.1,0.5,2058,6,2153,37,4063,226,20,1
2016-462,exp3,0.027344019,pH 7.2,4200uatm,20C,7.21,0.02,4066,227,19.7,0.2,31,8.13,0.18,22.1,0.5,2058,6,2153,37,4063,226,20,1
2016-463,exp3,0.030842023,pH 7.2,4200uatm,20C,7.21,0.02,4066,227,19.7,0.2,31,8.13,0.18,22.1,0.5,2058,6,2153,37,4063,226,20,1
2016-464,exp3,0.016620026,pH 7.2,4200uatm,20C,7.21,0.02,4066,227,19.7,0.2,31,8.13,0.18,22.1,0.5,2058,6,2153,37,4063,226,20,1
2016-465,exp3,0.025636155,pH 7.2,4200uatm,20C,7.21,0.02,4066,227,19.7,0.2,31,8.13,0.18,22.1,0.5,2058,6,2153,37,4063,226,20,1
2016-528,exp3,0.02074617,pH 7.2,4200uatm,17C,7.2,0.02,4056,204,17.4,0.2,31,8.79,0.15,22.9,0.4,2053,24,2174,16,4042,203,18,1
2016-527,exp3,0.028604484,pH 7.2,4200uatm,17C,7.2,0.02,4056,204,17.4,0.2,31,8.79,0.15,22.9,0.4,2053,24,2174,16,4042,203,18,1
2016-525,exp3,0.016147487,pH 7.2,4200uatm,17C,7.2,0.02,4056,204,17.4,0.2,31,8.79,0.15,22.9,0.4,2053,24,2174,16,4042,203,18,1
2016-524,exp3,NA,pH 7.2,4200uatm,17C,7.2,0.02,4056,204,17.4,0.2,31,8.79,0.15,22.9,0.4,2053,24,2174,16,4042,203,18,1
2016-523,exp3,0.031008547,pH 7.2,4200uatm,17C,7.2,0.02,4056,204,17.4,0.2,31,8.79,0.15,22.9,0.4,2053,24,2174,16,4042,203,18,1
2016-522,exp3,0.033500033,pH 7.2,4200uatm,17C,7.2,0.02,4056,204,17.4,0.2,31,8.79,0.15,22.9,0.4,2053,24,2174,16,4042,203,18,1
2016-521,exp3,0.014490119,pH 7.5,2200uatm,17C,7.51,0.01,1952,39,17.6,0.3,31,8.57,0.15,22.4,0.4,2047,20,2066,21,1945,39,35,1
2016-520,exp3,NA,pH 7.5,2200uatm,17C,7.51,0.01,1952,39,17.6,0.3,31,8.57,0.15,22.4,0.4,2047,20,2066,21,1945,39,35,1
2016-519,exp3,NA,pH 7.5,2200uatm,17C,7.51,0.01,1952,39,17.6,0.3,31,8.57,0.15,22.4,0.4,2047,20,2066,21,1945,39,35,1
2016-518,exp3,0.015563803,pH 7.5,2200uatm,17C,7.51,0.01,1952,39,17.6,0.3,31,8.57,0.15,22.4,0.4,2047,20,2066,21,1945,39,35,1
2016-517,exp3,0.01499332,pH 7.5,2200uatm,17C,7.51,0.01,1952,39,17.6,0.3,31,8.57,0.15,22.4,0.4,2047,20,2066,21,1945,39,35,1
2016-516,exp3,NA,pH 7.5,2200uatm,17C,7.51,0.01,1952,39,17.6,0.3,31,8.57,0.15,22.4,0.4,2047,20,2066,21,1945,39,35,1
2016-514,exp3,NA,pH 7.5,2200uatm,17C,7.51,0.01,1952,39,17.6,0.3,31,8.57,0.15,22.4,0.4,2047,20,2066,21,1945,39,35,1
2016-513,exp3,0.009437028,pH 8.2,400uatm,17C,8.22,0.01,322,12,17.4,0.2,31,8.26,0.12,21.5,0.3,2054,8,1838,26,321,12,153,2
2016-512,exp3,NA,pH 8.2,400uatm,17C,8.22,0.01,322,12,17.4,0.2,31,8.26,0.12,21.5,0.3,2054,8,1838,26,321,12,153,2
2016-511,exp3,NA,pH 8.2,400uatm,17C,8.22,0.01,322,12,17.4,0.2,31,8.26,0.12,21.5,0.3,2054,8,1838,26,321,12,153,2
2016-510,exp3,0.007793163,pH 8.2,400uatm,17C,8.22,0.01,322,12,17.4,0.2,31,8.26,0.12,21.5,0.3,2054,8,1838,26,321,12,153,2
2016-509,exp3,0.012069832,pH 8.2,400uatm,17C,8.22,0.01,322,12,17.4,0.2,31,8.26,0.12,21.5,0.3,2054,8,1838,26,321,12,153,2
2016-507,exp3,0.018999542,pH 8.2,400uatm,17C,8.22,0.01,322,12,17.4,0.2,31,8.26,0.12,21.5,0.3,2054,8,1838,26,321,12,153,2
2016-506,exp3,0.019377431,pH 8.2,400uatm,17C,8.22,0.01,322,12,17.4,0.2,31,8.26,0.12,21.5,0.3,2054,8,1838,26,321,12,153,2
2016-529,exp3,0.020947064,pH 7.2,4200uatm,17C,7.2,0.02,4056,204,17.4,0.2,31,8.79,0.15,22.9,0.4,2053,24,2174,16,4042,203,18,1
2016-530,exp3,0.022352661,pH 7.5,2200uatm,17C,7.51,0.01,1952,39,17.6,0.3,31,8.57,0.15,22.4,0.4,2047,20,2066,21,1945,39,35,1
2016-531,exp3,0.009637525,pH 8.2,400uatm,17C,8.22,0.01,322,12,17.4,0.2,31,8.26,0.12,21.5,0.3,2054,8,1838,26,321,12,153,2
2016-533,exp3,0.024541336,pH 7.5,2200uatm,17C,7.51,0.01,1952,39,17.6,0.3,31,8.57,0.15,22.4,0.4,2047,20,2066,21,1945,39,35,1
2016-534,exp3,0.027734909,pH 8.2,400uatm,17C,8.22,0.01,322,12,17.4,0.2,31,8.26,0.12,21.5,0.3,2054,8,1838,26,321,12,153,2
2016-535,exp3,0.025911695,pH 7.2,4200uatm,17C,7.2,0.02,4056,204,17.4,0.2,31,8.79,0.15,22.9,0.4,2053,24,2174,16,4042,203,18,1
2016-536,exp3,0.035870366,pH 7.5,2200uatm,17C,7.51,0.01,1952,39,17.6,0.3,31,8.57,0.15,22.4,0.4,2047,20,2066,21,1945,39,35,1
2016-537,exp3,0.039616414,pH 8.2,400uatm,17C,8.22,0.01,322,12,17.4,0.2,31,8.26,0.12,21.5,0.3,2054,8,1838,26,321,12,153,2
2016-539,exp3,0.005909021,pH 7.5,2200uatm,17C,7.51,0.01,1952,39,17.6,0.3,31,8.57,0.15,22.4,0.4,2047,20,2066,21,1945,39,35,1
2016-540,exp3,0.009284209,pH 8.2,400uatm,17C,8.22,0.01,322,12,17.4,0.2,31,8.26,0.12,21.5,0.3,2054,8,1838,26,321,12,153,2
2016-541,exp3,0.019696618,pH 7.2,4200uatm,17C,7.2,0.02,4056,204,17.4,0.2,31,8.79,0.15,22.9,0.4,2053,24,2174,16,4042,203,18,1
2016-542,exp3,0.013090816,pH 7.5,2200uatm,17C,7.51,0.01,1952,39,17.6,0.3,31,8.57,0.15,22.4,0.4,2047,20,2066,21,1945,39,35,1
2016-544,exp3,0.039010216,pH 7.2,4200uatm,17C,7.2,0.02,4056,204,17.4,0.2,31,8.79,0.15,22.9,0.4,2053,24,2174,16,4042,203,18,1
2016-545,exp3,0.02881029,pH 7.5,2200uatm,17C,7.51,0.01,1952,39,17.6,0.3,31,8.57,0.15,22.4,0.4,2047,20,2066,21,1945,39,35,1
2016-546,exp3,NA,pH 8.2,400uatm,17C,8.22,0.01,322,12,17.4,0.2,31,8.26,0.12,21.5,0.3,2054,8,1838,26,321,12,153,2
2017-337,exp4,0.04361635,pH 7.2,4200uatm,28C,7.2,0.03,4720,217,28.2,0.3,32,6.73,NA,21.2,NA,2155,20,2244,18,4714,204,26,1
2017-338,exp4,0.034732675,pH 7.2,4200uatm,28C,7.2,0.03,4720,217,28.2,0.3,32,6.73,NA,21.2,NA,2155,20,2244,18,4714,204,26,1
2017-339,exp4,0.055713077,pH 7.2,4200uatm,28C,7.2,0.03,4720,217,28.2,0.3,32,6.73,NA,21.2,NA,2155,20,2244,18,4714,204,26,1
2017-341,exp4,0.046140404,pH 7.5,2200uatm,28C,7.48,0.02,2439,84,28.1,0.2,32,6.74,NA,21.2,NA,2176,50,2172,48,2431,83,49,2
2017-344,exp4,0.044645594,pH 8.2,400uatm,28C,8.23,0.02,350,19,28.2,0.2,32,6.73,NA,21.2,NA,2157,24,1857,29,348,19,215,4
2017-345,exp4,0.04969138,pH 8.2,400uatm,28C,8.23,0.02,350,19,28.2,0.2,32,6.73,NA,21.2,NA,2157,24,1857,29,348,19,215,4
2017-347,exp4,0.018677716,pH 8.2,400uatm,28C,8.23,0.02,350,19,28.2,0.2,32,6.73,NA,21.2,NA,2157,24,1857,29,348,19,215,4
2017-348,exp4,0.019441036,pH 8.2,400uatm,28C,8.23,0.02,350,19,28.2,0.2,32,6.73,NA,21.2,NA,2157,24,1857,29,348,19,215,4
2017-350,exp4,0.040472351,pH 7.5,2200uatm,28C,7.48,0.02,2439,84,28.1,0.2,32,6.74,NA,21.2,NA,2176,50,2172,48,2431,83,49,2
2017-351,exp4,0.024664661,pH 7.5,2200uatm,28C,7.48,0.02,2439,84,28.1,0.2,32,6.74,NA,21.2,NA,2176,50,2172,48,2431,83,49,2
2017-352,exp4,0.046756152,pH 7.5,2200uatm,28C,7.48,0.02,2439,84,28.1,0.2,32,6.74,NA,21.2,NA,2176,50,2172,48,2431,83,49,2
2017-355,exp4,0.04487591,pH 7.2,4200uatm,28C,7.2,0.03,4720,217,28.2,0.3,32,6.73,NA,21.2,NA,2155,20,2244,18,4714,204,26,1
2017-356,exp4,0.046157015,pH 7.2,4200uatm,28C,7.2,0.03,4720,217,28.2,0.3,32,6.73,NA,21.2,NA,2155,20,2244,18,4714,204,26,1
2017-357,exp4,0.016193498,pH 7.2,4200uatm,28C,7.2,0.03,4720,217,28.2,0.3,32,6.73,NA,21.2,NA,2155,20,2244,18,4714,204,26,1
2017-358,exp4,0.062640529,pH 8.2,400uatm,28C,8.23,0.02,350,19,28.2,0.2,32,6.73,NA,21.2,NA,2157,24,1857,29,348,19,215,4
2017-359,exp4,0.043722405,pH 8.2,400uatm,28C,8.23,0.02,350,19,28.2,0.2,32,6.73,NA,21.2,NA,2157,24,1857,29,348,19,215,4
2017-360,exp4,0.059767432,pH 7.5,2200uatm,28C,7.48,0.02,2439,84,28.1,0.2,32,6.74,NA,21.2,NA,2176,50,2172,48,2431,83,49,2
2017-362,exp4,0.041177683,pH 7.5,2200uatm,28C,7.48,0.02,2439,84,28.1,0.2,32,6.74,NA,21.2,NA,2176,50,2172,48,2431,83,49,2
2017-363,exp4,0.052569207,pH 7.5,2200uatm,28C,7.48,0.02,2439,84,28.1,0.2,32,6.74,NA,21.2,NA,2176,50,2172,48,2431,83,49,2
2017-364,exp4,0.02540223,pH 7.5,2200uatm,28C,7.48,0.02,2439,84,28.1,0.2,32,6.74,NA,21.2,NA,2176,50,2172,48,2431,83,49,2
2017-365,exp4,0.04248576,pH 7.5,2200uatm,28C,7.48,0.02,2439,84,28.1,0.2,32,6.74,NA,21.2,NA,2176,50,2172,48,2431,83,49,2
2017-366,exp4,0.025513369,pH 7.2,4200uatm,28C,7.2,0.03,4720,217,28.2,0.3,32,6.73,NA,21.2,NA,2155,20,2244,18,4714,204,26,1
2017-367,exp4,0.026171501,pH 7.2,4200uatm,28C,7.2,0.03,4720,217,28.2,0.3,32,6.73,NA,21.2,NA,2155,20,2244,18,4714,204,26,1
2017-368,exp4,0.031922683,pH 7.2,4200uatm,28C,7.2,0.03,4720,217,28.2,0.3,32,6.73,NA,21.2,NA,2155,20,2244,18,4714,204,26,1
2017-369,exp4,0.03141376,pH 7.2,4200uatm,28C,7.2,0.03,4720,217,28.2,0.3,32,6.73,NA,21.2,NA,2155,20,2244,18,4714,204,26,1
2017-370,exp4,0.046530535,pH 8.2,400uatm,28C,8.23,0.02,350,19,28.2,0.2,32,6.73,NA,21.2,NA,2157,24,1857,29,348,19,215,4
2017-371,exp4,0.038559133,pH 8.2,400uatm,28C,8.23,0.02,350,19,28.2,0.2,32,6.73,NA,21.2,NA,2157,24,1857,29,348,19,215,4
2017-372,exp4,0.049614447,pH 8.2,400uatm,28C,8.23,0.02,350,19,28.2,0.2,32,6.73,NA,21.2,NA,2157,24,1857,29,348,19,215,4
2017-409,exp4,NA,pH 7.5,2200uatm,24C,7.5,0.04,2265,228,24.1,0.2,32,7.19,NA,21.2,NA,2151,14,2156,27,2258,227,43,4
2017-410,exp4,0.047628093,pH 7.5,2200uatm,24C,7.5,0.04,2265,228,24.1,0.2,32,7.19,NA,21.2,NA,2151,14,2156,27,2258,227,43,4
2017-411,exp4,0.042806483,pH 7.5,2200uatm,24C,7.5,0.04,2265,228,24.1,0.2,32,7.19,NA,21.2,NA,2151,14,2156,27,2258,227,43,4
2017-412,exp4,NA,pH 7.5,2200uatm,24C,7.5,0.04,2265,228,24.1,0.2,32,7.19,NA,21.2,NA,2151,14,2156,27,2258,227,43,4
2017-414,exp4,NA,pH 7.5,2200uatm,24C,7.5,0.04,2265,228,24.1,0.2,32,7.19,NA,21.2,NA,2151,14,2156,27,2258,227,43,4
2017-415,exp4,0.009447218,pH 7.5,2200uatm,24C,7.5,0.04,2265,228,24.1,0.2,32,7.19,NA,21.2,NA,2151,14,2156,27,2258,227,43,4
2017-416,exp4,0.033792644,pH 8.2,400uatm,24C,8.19,0.02,389,23,24.3,0.4,32,7.16,NA,21.2,NA,2137,3,1897,13,388,23,175,8
2017-417,exp4,NA,pH 8.2,400uatm,24C,8.19,0.02,389,23,24.3,0.4,32,7.16,NA,21.2,NA,2137,3,1897,13,388,23,175,8
2017-418,exp4,0.030460637,pH 8.2,400uatm,24C,8.19,0.02,389,23,24.3,0.4,32,7.16,NA,21.2,NA,2137,3,1897,13,388,23,175,8
2017-419,exp4,NA,pH 7.2,4200uatm,24C,7.21,0.02,4432,180,24.2,0.3,32,7.17,NA,21.2,NA,2130,27,2230,25,4418,179,23,1
2017-420,exp4,NA,pH 7.2,4200uatm,24C,7.21,0.02,4432,180,24.2,0.3,32,7.17,NA,21.2,NA,2130,27,2230,25,4418,179,23,1
2017-421,exp4,NA,pH 7.2,4200uatm,24C,7.21,0.02,4432,180,24.2,0.3,32,7.17,NA,21.2,NA,2130,27,2230,25,4418,179,23,1
2017-423,exp4,0.025767517,pH 7.2,4200uatm,24C,7.21,0.02,4432,180,24.2,0.3,32,7.17,NA,21.2,NA,2130,27,2230,25,4418,179,23,1
2017-424,exp4,0.018567769,pH 7.2,4200uatm,24C,7.21,0.02,4432,180,24.2,0.3,32,7.17,NA,21.2,NA,2130,27,2230,25,4418,179,23,1
2017-425,exp4,0.02154262,pH 8.2,400uatm,24C,8.19,0.02,389,23,24.3,0.4,32,7.16,NA,21.2,NA,2137,3,1897,13,388,23,175,8
2017-426,exp4,0.040704924,pH 8.2,400uatm,24C,8.19,0.02,389,23,24.3,0.4,32,7.16,NA,21.2,NA,2137,3,1897,13,388,23,175,8
2017-427,exp4,0.018824748,pH 8.2,400uatm,24C,8.19,0.02,389,23,24.3,0.4,32,7.16,NA,21.2,NA,2137,3,1897,13,388,23,175,8
2017-429,exp4,0.057434645,pH 7.5,2200uatm,24C,7.5,0.04,2265,228,24.1,0.2,32,7.19,NA,21.2,NA,2151,14,2156,27,2258,227,43,4
2017-431,exp4,0.013480471,pH 8.2,400uatm,24C,8.19,0.02,389,23,24.3,0.4,32,7.16,NA,21.2,NA,2137,3,1897,13,388,23,175,8
2017-432,exp4,0.026115962,pH 8.2,400uatm,24C,8.19,0.02,389,23,24.3,0.4,32,7.16,NA,21.2,NA,2137,3,1897,13,388,23,175,8
2017-433,exp4,0.029336902,pH 8.2,400uatm,24C,8.19,0.02,389,23,24.3,0.4,32,7.16,NA,21.2,NA,2137,3,1897,13,388,23,175,8
2017-434,exp4,NA,pH 7.2,4200uatm,24C,7.21,0.02,4432,180,24.2,0.3,32,7.17,NA,21.2,NA,2130,27,2230,25,4418,179,23,1
2017-435,exp4,0.012341491,pH 7.2,4200uatm,24C,7.21,0.02,4432,180,24.2,0.3,32,7.17,NA,21.2,NA,2130,27,2230,25,4418,179,23,1
2017-436,exp4,NA,pH 7.2,4200uatm,24C,7.21,0.02,4432,180,24.2,0.3,32,7.17,NA,21.2,NA,2130,27,2230,25,4418,179,23,1
2017-437,exp4,NA,pH 8.2,400uatm,24C,8.19,0.02,389,23,24.3,0.4,32,7.16,NA,21.2,NA,2137,3,1897,13,388,23,175,8
2017-438,exp4,0.042233727,pH 8.2,400uatm,24C,8.19,0.02,389,23,24.3,0.4,32,7.16,NA,21.2,NA,2137,3,1897,13,388,23,175,8
2017-439,exp4,NA,pH 7.5,2200uatm,24C,7.5,0.04,2265,228,24.1,0.2,32,7.19,NA,21.2,NA,2151,14,2156,27,2258,227,43,4
2017-440,exp4,0.03243153,pH 7.5,2200uatm,24C,7.5,0.04,2265,228,24.1,0.2,32,7.19,NA,21.2,NA,2151,14,2156,27,2258,227,43,4
2017-441,exp4,0.038657809,pH 7.5,2200uatm,24C,7.5,0.04,2265,228,24.1,0.2,32,7.19,NA,21.2,NA,2151,14,2156,27,2258,227,43,4
2017-442,exp4,0.013301893,pH 7.2,4200uatm,24C,7.21,0.02,4432,180,24.2,0.3,32,7.17,NA,21.2,NA,2130,27,2230,25,4418,179,23,1
2017-443,exp4,0.033685932,pH 7.2,4200uatm,24C,7.21,0.02,4432,180,24.2,0.3,32,7.17,NA,21.2,NA,2130,27,2230,25,4418,179,23,1
2017-444,exp4,0.027544587,pH 7.2,4200uatm,24C,7.21,0.02,4432,180,24.2,0.3,32,7.17,NA,21.2,NA,2130,27,2230,25,4418,179,23,1
